# convergence | collection scie (stemness x immunogenicity (SCIE)) | DRVI run drvi_epi_64 | 04_3 - 04_7 signature interpretation
# CAVEAT: Cell type labels come from CellTypist (Cells_Adult_Breast.pkl, Kumar et al.
# CAVEAT: 2023), a NORMAL adult breast atlas with no malignant class: TNBC cells are assigned to the nearest normal state.
# CAVEAT: This subset therefore mixes normal and malignant epithelium and no CNV inference has been run.
# CAVEAT: Every state reported here is an EPITHELIAL state, not a tumour cell state.
dim_direction,dimension,direction,A_best_signature,A_rho,A_best_any_readout,A_rho_any,A_auroc_target_this_side,A_standardised_mean_difference,B_best_signature,B_neglog10_fdr,B_fdr,A_significant,B_significant,same_signature,same_family,A_family,B_family,verdict,dimension_vanished,confounder_flags
DR 1+,DR 1,+,KEGG_APM,0.0996,CytoTRACE2,0.1239,0.5458106376441896,0.1797659,FMASC,1.9952,0.010111137119549066,False,True,False,False,immune,stemness,factor_only_candidate_patient_or_technical,False,none
DR 1-,DR 1,-,HALLMARK_IFNG,0.0209,HALLMARK_IFNG,0.0209,0.4541893623558104,-0.1797659,HALLMARK_IFNG,0.0,1.0,False,False,False,False,immune,immune,neither,False,none
DR 2+,DR 2,+,LIM_STEM,0.2652,LIM_STEM,0.2652,0.3993165004283798,-0.26295835,LIM_STEM,16.6677,2.1493146554191766e-17,True,True,True,True,stemness,stemness,convergent,False,none
DR 2-,DR 2,-,ESC_ASSOU,0.2375,ESC_ASSOU,0.2375,0.6006834995716201,0.26295835,HALLMARK_IFNA,0.9733,0.10634081880996964,True,False,False,False,stemness,immune,cell_only_state_not_on_one_axis,False,"depth,cell_cycle"
DR 3+,DR 3,+,ESC_ASSOU,0.3208,ESC_ASSOU,0.3208,0.70089274057808,0.537469,ESC_ASSOU,1.9887,0.010263606662641497,True,True,True,True,stemness,stemness,convergent,False,"depth,cell_cycle"
DR 3-,DR 3,-,IMMUNOGENIC_CONSENSUS,0.183,IMMUNOGENIC_CONSENSUS,0.183,0.29910725942191996,-0.537469,KEGG_APM,5.0605,8.699614330652673e-06,False,True,False,False,immune,immune,factor_only_candidate_patient_or_technical,False,depth
DR 4+,DR 4,+,LIM_STEM,0.1141,CytoTRACE2,0.1185,0.6075985839921706,0.3458455,LIM_STEM,1.6452,0.022636016404497493,False,True,False,False,stemness,stemness,factor_only_candidate_patient_or_technical,False,none
DR 4-,DR 4,-,HALLMARK_IFNA,0.1102,HALLMARK_IFNA,0.1102,0.3924014160078294,-0.3458455,HALLMARK_IFNA,0.687,0.20558905959841414,False,False,False,False,immune,immune,neither,False,none
DR 5+,DR 5,+,ESC_WONG,0.1076,ESC_WONG,0.1076,0.5471251909725725,0.01880532,HALLMARK_IFNA,1.6979,0.020049336272477257,False,True,False,False,stemness,immune,factor_only_candidate_patient_or_technical,False,none
DR 5-,DR 5,-,LIM_STEM,0.3106,LIM_STEM,0.3106,0.4528748090274275,-0.01880532,LIM_STEM,51.0213,9.521382230214108e-52,True,True,True,True,stemness,stemness,convergent,False,none
DR 6+,DR 6,+,FMASC,0.0631,FMASC,0.0631,0.4563746624132069,-0.08703096,FMASC,0.2145,0.6102390566446633,False,False,False,False,stemness,stemness,neither,False,none
DR 6-,DR 6,-,ESC_WONG,0.0661,ESC_WONG,0.0661,0.5436253375867931,0.08703096,ESC_ASSOU,1.4348,0.03674514791999399,False,True,False,False,stemness,stemness,factor_only_candidate_patient_or_technical,False,"depth,cell_cycle"
DR 7+,DR 7,+,ESC_WONG,0.2443,ESC_WONG,0.2443,0.4998344824291505,-0.014282209,ESC_ASSOU,2.2806,0.005240829125640289,True,True,False,True,stemness,stemness,convergent,False,"depth,cell_cycle"
DR 7-,DR 7,-,FMASC,0.3226,FMASC,0.3226,0.5001655175708495,0.014282209,FMASC,0.2145,0.6102390566446633,True,False,False,False,stemness,stemness,cell_only_state_not_on_one_axis,False,none
DR 8+,DR 8,+,FMASC,0.1298,FMASC,0.1298,0.4812713117428793,-0.06853636,ESC_WONG,2.4351,0.003671977403587995,False,True,False,False,stemness,stemness,factor_only_candidate_patient_or_technical,False,"depth,cell_cycle"
DR 8-,DR 8,-,LIM_STEM,0.0141,LIM_STEM,0.0141,0.5187286882571207,0.06853636,IMMUNOGENIC_CONSENSUS,0.0968,0.8002026771193327,False,False,False,False,stemness,immune,neither,False,none
DR 9+,DR 9,+,LIM_STEM,0.0434,LIM_STEM,0.0434,0.4470279749679556,-0.148596,ESC_ASSOU,2.2806,0.005240829125640289,False,True,False,False,stemness,stemness,factor_only_candidate_patient_or_technical,False,"depth,cell_cycle"
DR 9-,DR 9,-,ESC_ASSOU,0.1742,ESC_ASSOU,0.1742,0.5529720250320445,0.148596,KEGG_APM,0.2145,0.6102390566446633,False,False,False,False,stemness,immune,neither,False,"depth,cell_cycle"
DR 10+,DR 10,+,FMASC,0.0306,FMASC,0.0306,0.4467166857278881,-0.20765533,ISDS,-0.0646,1.0,False,False,False,False,stemness,immune,neither,False,none
DR 10-,DR 10,-,ESC_ASSOU,0.1123,CytoTRACE2,0.1421,0.5532833142721119,0.20765533,IMMUNOGENIC_CONSENSUS,1.835,0.014621771744567183,False,True,False,False,stemness,immune,factor_only_candidate_patient_or_technical,False,none
DR 11+,DR 11,+,HALLMARK_IFNG,0.1233,HALLMARK_IFNG,0.1233,0.3222477126877447,-0.80901724,HALLMARK_IFNA,0.2417,0.573191841158763,False,False,False,False,immune,immune,neither,False,none
DR 11-,DR 11,-,BENPORATH_ES1,0.2205,BENPORATH_ES1,0.2205,0.6777522873122552,0.80901724,ESC_ASSOU,25.0765,8.384940786218085e-26,True,True,False,True,stemness,stemness,convergent,False,"depth,cell_cycle"
DR 12+,DR 12,+,LIM_STEM,0.2079,LIM_STEM,0.2079,0.3638424416045032,-0.37933302,LIM_STEM,4.7347,1.842044001002505e-05,True,True,True,True,stemness,stemness,convergent,False,none
DR 12-,DR 12,-,ESC_ASSOU,0.2762,ESC_ASSOU,0.2762,0.6361575583954968,0.37933302,ESC_ASSOU,4.6983,2.0030878652699935e-05,True,True,True,True,stemness,stemness,convergent,False,"depth,cell_cycle"
DR 13+,DR 13,+,LIM_STEM,0.0316,LIM_STEM,0.0316,0.5329245449502314,0.08644632,ESC_WONG,0.1104,0.7755324957585907,False,False,False,False,stemness,stemness,neither,False,none
DR 13-,DR 13,-,IMMUNOGENIC_CONSENSUS,0.0506,IMMUNOGENIC_CONSENSUS,0.0506,0.46707545504976855,-0.08644632,HALLMARK_IFNA,0.687,0.20558905959841414,False,False,False,False,immune,immune,neither,False,none
DR 14+,DR 14,+,BENPORATH_ES1,0.2666,BENPORATH_ES1,0.2666,0.6814767912983637,0.8610409,ESC_WONG,24.2378,5.783623317834709e-25,True,True,False,True,stemness,stemness,convergent,False,"depth,cell_cycle"
DR 14-,DR 14,-,HALLMARK_IFNG,0.1125,HALLMARK_IFNG,0.1125,0.3185232087016363,-0.8610409,ISDS,0.5999,0.251246488132877,False,False,False,False,immune,immune,neither,False,none
DR 15+,DR 15,+,ESC_ASSOU,0.2,ESC_ASSOU,0.2,0.5437750508859795,0.18246806,ESC_ASSOU,0.2417,0.573191841158763,True,False,False,False,stemness,stemness,cell_only_state_not_on_one_axis,False,"depth,cell_cycle"
DR 15-,DR 15,-,LIM_STEM,0.0868,LIM_STEM,0.0868,0.45622494911402045,-0.18246806,FMASC,2.6859,0.002061104445472489,False,True,False,False,stemness,stemness,factor_only_candidate_patient_or_technical,False,none
DR 16+,DR 16,+,ISDS,0.0213,ISDS,0.0213,0.4360510811906448,-0.19258994,HALLMARK_IFNA,4.5938,2.54800338136199e-05,False,True,False,False,immune,immune,factor_only_candidate_patient_or_technical,False,none
DR 16-,DR 16,-,ESC_ASSOU,0.2305,ESC_ASSOU,0.2305,0.5639489188093552,0.19258994,IMMUNOGENIC_CONSENSUS,0.0968,0.8002026771193327,True,False,False,False,stemness,immune,cell_only_state_not_on_one_axis,False,"depth,cell_cycle"
DR 17+,DR 17,+,FMASC,0.0368,FMASC,0.0368,0.5056816150709534,0.034391455,FMASC,0.0968,0.8002026771193327,False,False,False,False,stemness,stemness,neither,False,none
DR 17-,DR 17,-,LIM_STEM,0.1553,LIM_STEM,0.1553,0.49431838492904656,-0.034391455,HALLMARK_IFNA,1.6979,0.020049336272477257,False,True,False,False,stemness,immune,factor_only_candidate_patient_or_technical,False,none
DR 18+,DR 18,+,ESC_ASSOU,0.2729,ESC_ASSOU,0.2729,0.6338042302732831,0.33195534,ESC_ASSOU,0.9943,0.1013211242412733,True,False,False,False,stemness,stemness,cell_only_state_not_on_one_axis,False,"depth,cell_cycle"
DR 18-,DR 18,-,ISDS,0.0988,ISDS,0.0988,0.36619576972671686,-0.33195534,KEGG_APM,0.447,0.3572728381519289,False,False,False,False,immune,immune,neither,False,none
DR 19+,DR 19,+,KEGG_APM,0.1692,KEGG_APM,0.1692,0.4806621179879312,-0.06433822,KEGG_APM,1.1235,0.07524887301735844,False,False,False,False,immune,immune,neither,False,depth
DR 19-,DR 19,-,ESC_WONG,0.0079,ESC_WONG,0.0079,0.5193378820120689,0.06433822,ESC_ASSOU,3.3802,0.0004166774522219098,False,True,False,False,stemness,stemness,factor_only_candidate_patient_or_technical,False,"depth,cell_cycle"
DR 20+,DR 20,+,LIM_STEM,0.1654,LIM_STEM,0.1654,0.4788959949195701,-0.1802489,HALLMARK_IFNG,0.8058,0.15638676645114105,False,False,False,False,stemness,immune,neither,False,none
DR 20-,DR 20,-,FMASC,0.1221,FMASC,0.1221,0.5211040050804299,0.1802489,FMASC,0.2145,0.6102390566446633,False,False,False,False,stemness,stemness,neither,False,none
DR 21+,DR 21,+,ISDS,0.0971,ISDS,0.0971,0.3731464729601781,-0.30696586,HALLMARK_IFNG,-0.0,1.0,False,False,False,False,immune,immune,neither,False,none
DR 21-,DR 21,-,ESC_ASSOU,0.2905,ESC_ASSOU,0.2905,0.6268535270398219,0.30696586,ESC_ASSOU,1.6979,0.020049336272477257,True,True,True,True,stemness,stemness,convergent,False,"depth,cell_cycle"
DR 22+,DR 22,+,LIM_STEM,0.0617,CytoTRACE2,0.0858,0.5408331775214041,0.13133356,LIM_STEM,2.4606,0.0034625814654379193,False,True,False,False,stemness,stemness,factor_only_candidate_patient_or_technical,False,none
DR 22-,DR 22,-,IMMUNOGENIC_CONSENSUS,-0.0055,IMMUNOGENIC_CONSENSUS,-0.0055,0.45916682247859586,-0.13133356,ESC_WONG,0.2473,0.5658482798597853,False,False,False,False,immune,stemness,neither,False,immune_low_is_absence_of_signal
DR 23+,DR 23,+,FMASC,0.067,FMASC,0.067,0.6217612808866262,0.34850374,ESC_ASSOU,1.4348,0.03674514791999399,False,True,False,False,stemness,stemness,factor_only_candidate_patient_or_technical,False,"depth,cell_cycle"
DR 23-,DR 23,-,HALLMARK_IFNG,0.4142,HALLMARK_IFNG,0.4142,0.3782387191133738,-0.34850374,HALLMARK_IFNG,38.7569,1.7502496521057802e-39,True,True,True,True,immune,immune,convergent,False,none
DR 24+,DR 24,+,ESC_WONG,0.0861,ESC_WONG,0.0861,0.5106402542109375,-0.016772859,ESC_ASSOU,2.9866,0.0010313355783043837,False,True,False,False,stemness,stemness,factor_only_candidate_patient_or_technical,False,"depth,cell_cycle"
DR 24-,DR 24,-,LIM_STEM,0.1199,LIM_STEM,0.1199,0.4893597457890625,0.016772859,LIM_STEM,0.6725,0.21256903452171072,False,False,False,False,stemness,stemness,neither,False,none
DR 25+,DR 25,+,ESC_WONG,0.0707,ESC_WONG,0.0707,0.6187960460286286,0.32328856,ESC_WONG,1.5734,0.026705456121918984,False,True,False,False,stemness,stemness,factor_only_candidate_patient_or_technical,False,"depth,cell_cycle"
DR 25-,DR 25,-,IMMUNOGENIC_CONSENSUS,0.1885,IMMUNOGENIC_CONSENSUS,0.1885,0.3812039539713714,-0.32328856,FMASC,0.447,0.3572728381519289,False,False,False,False,immune,stemness,neither,False,none
DR 26+,DR 26,+,HALLMARK_IFNG,0.0997,HALLMARK_IFNG,0.0997,0.3856075577296926,-0.5707788,HALLMARK_IFNG,0.6262,0.23648304020392247,False,False,False,False,immune,immune,neither,False,none
DR 26-,DR 26,-,BENPORATH_ES1,0.1532,BENPORATH_ES1,0.1532,0.6143924422703074,0.5707788,ESC_ASSOU,11.4253,3.755778746557724e-12,False,True,False,False,stemness,stemness,factor_only_candidate_patient_or_technical,False,"depth,cell_cycle"
DR 27+,DR 27,+,LIM_STEM,0.0268,LIM_STEM,0.0268,0.7322684806332636,0.68819046,ESC_ASSOU,0.9943,0.1013211242412733,False,False,False,False,stemness,stemness,neither,False,none
DR 27-,DR 27,-,IMMUNOGENIC_CONSENSUS,0.6281,IMMUNOGENIC_CONSENSUS,0.6281,0.26773151936673645,-0.68819046,HALLMARK_IFNG,20.6838,2.071094903660329e-21,True,True,False,True,immune,immune,convergent,False,none
DR 28+,DR 28,+,FMASC,0.2142,FMASC,0.2142,0.5341062857689621,0.12302023,KEGG_APM,-0.0,1.0,True,False,False,False,stemness,immune,cell_only_state_not_on_one_axis,False,none
DR 28-,DR 28,-,HALLMARK_IFNA,0.1101,HALLMARK_IFNA,0.1101,0.46589371423103787,-0.12302023,HALLMARK_IFNA,3.243,0.0005714786366718672,False,True,False,False,immune,immune,factor_only_candidate_patient_or_technical,False,none
DR 29+,DR 29,+,LIM_STEM,0.2322,LIM_STEM,0.2322,0.5358447659478314,0.20150325,LIM_STEM,1.6452,0.022636016404497493,True,True,True,True,stemness,stemness,convergent,False,none
DR 29-,DR 29,-,FMASC,0.0902,FMASC,0.0902,0.46415523405216863,-0.20150325,HALLMARK_IFNA,0.447,0.3572728381519289,False,False,False,False,stemness,immune,neither,False,none
DR 30+,DR 30,+,KEGG_APM,0.1153,KEGG_APM,0.1153,0.5464981800892122,0.13451378,ESC_ASSOU,2.2806,0.005240829125640289,False,True,False,False,immune,stemness,factor_only_candidate_patient_or_technical,False,"depth,cell_cycle"
DR 30-,DR 30,-,HALLMARK_IFNA,0.0349,HALLMARK_IFNA,0.0349,0.45350181991078775,-0.13451378,HALLMARK_IFNA,0.0159,0.9640509790107473,False,False,False,False,immune,immune,neither,False,none
DR 31+,DR 31,+,ESC_WONG,0.048,ESC_WONG,0.048,0.4561292346010109,-0.1267023,LIM_STEM,-0.0,1.0,False,False,False,False,stemness,stemness,neither,False,"depth,cell_cycle"
DR 31-,DR 31,-,FMASC,0.1813,FMASC,0.1813,0.5438707653989892,0.1267023,KEGG_APM,3.3836,0.00041342810804713463,False,True,False,False,stemness,immune,factor_only_candidate_patient_or_technical,False,depth
DR 32+,DR 32,+,IMMUNOGENIC_CONSENSUS,0.1634,IMMUNOGENIC_CONSENSUS,0.1634,0.3952740096916393,-0.32568353,KEGG_APM,0.7284,0.1868959971651491,False,False,False,False,immune,immune,neither,False,none
DR 32-,DR 32,-,LIM_STEM,0.0979,LIM_STEM,0.0979,0.6047259903083607,0.32568353,ESC_ASSOU,2.6188,0.0024054703049880967,False,True,False,False,stemness,stemness,factor_only_candidate_patient_or_technical,False,"depth,cell_cycle"
DR 33+,DR 33,+,ESC_WONG,0.0276,CytoTRACE2,0.0527,0.5088281185757609,0.094568394,ISDS,1.0117,0.09734194058907295,False,False,False,False,stemness,immune,neither,False,"depth,cell_cycle"
DR 33-,DR 33,-,KEGG_APM,0.0653,KEGG_APM,0.0653,0.49117188142423907,-0.094568394,KEGG_APM,0.0628,0.8653663429563481,False,False,False,False,immune,immune,neither,False,depth
DR 34+,DR 34,+,ESC_WONG,0.0734,ESC_WONG,0.0734,0.5257917476785738,0.17466109,ESC_ASSOU,1.4348,0.03674514791999399,False,True,False,False,stemness,stemness,factor_only_candidate_patient_or_technical,False,"depth,cell_cycle"
DR 34-,DR 34,-,KEGG_APM,0.0767,KEGG_APM,0.0767,0.47420825232142616,-0.17466109,ISDS,1.0117,0.09734194058907295,False,False,False,False,immune,immune,neither,False,depth
DR 35+,DR 35,+,FMASC,0.115,FMASC,0.115,0.5298462023004431,0.028510615,ESC_ASSOU,1.6979,0.020049336272477257,False,True,False,False,stemness,stemness,factor_only_candidate_patient_or_technical,False,"depth,cell_cycle"
DR 35-,DR 35,-,ISDS,-0.0337,ISDS,-0.0337,0.4701537976995569,-0.028510615,HALLMARK_IFNA,2.6645,0.0021652098793079285,False,True,False,False,immune,immune,factor_only_candidate_patient_or_technical,False,immune_low_is_absence_of_signal
DR 36+,DR 36,+,FMASC,0.054,FMASC,0.054,0.6209620171700627,0.34270617,ESC_ASSOU,1.6979,0.020049336272477257,False,True,False,False,stemness,stemness,factor_only_candidate_patient_or_technical,False,"depth,cell_cycle"
DR 36-,DR 36,-,ISDS,0.5122,ISDS,0.5122,0.3790379828299373,-0.34270617,HALLMARK_IFNA,33.7738,1.683449139567061e-34,True,True,False,True,immune,immune,convergent,False,none
DR 37+,DR 37,+,LIM_STEM,0.1989,LIM_STEM,0.1989,0.5533046234410056,0.21854727,LIM_STEM,9.626,2.365919697485761e-10,False,True,False,False,stemness,stemness,factor_only_candidate_patient_or_technical,False,none
DR 37-,DR 37,-,ISDS,0.0551,ISDS,0.0551,0.4466953765589944,-0.21854727,HALLMARK_IFNA,0.9733,0.10634081880996964,False,False,False,False,immune,immune,neither,False,none
DR 38+,DR 38,+,ESC_WONG,0.0598,ESC_WONG,0.0598,0.609763614770861,0.3517548,ESC_ASSOU,1.6979,0.020049336272477257,False,True,False,False,stemness,stemness,factor_only_candidate_patient_or_technical,False,"depth,cell_cycle"
DR 38-,DR 38,-,KEGG_APM,0.222,KEGG_APM,0.222,0.39023638522913895,-0.3517548,KEGG_APM,5.0605,8.699614330652673e-06,True,True,True,True,immune,immune,convergent,False,depth
DR 39+,DR 39,+,FMASC,0.0945,FMASC,0.0945,0.5077384286305174,0.03896786,HALLMARK_IFNG,0.447,0.3572728381519289,False,False,False,False,stemness,immune,neither,False,none
DR 39-,DR 39,-,HALLMARK_IFNA,0.0426,HALLMARK_IFNA,0.0426,0.49226157136948256,-0.03896786,ESC_ASSOU,2.2806,0.005240829125640289,False,True,False,False,immune,stemness,factor_only_candidate_patient_or_technical,False,"depth,cell_cycle"
DR 40+,DR 40,+,ESC_ASSOU,0.2265,ESC_ASSOU,0.2265,0.5875030373030232,0.20695627,ESC_ASSOU,1.2062,0.06220137712744861,True,False,False,False,stemness,stemness,cell_only_state_not_on_one_axis,False,"depth,cell_cycle"
DR 40-,DR 40,-,LIM_STEM,0.0393,LIM_STEM,0.0393,0.4124969626969768,-0.20695627,HALLMARK_IFNG,0.8058,0.15638676645114105,False,False,False,False,stemness,immune,neither,False,none
DR 41+,DR 41,+,LIM_STEM,0.0012,LIM_STEM,0.0012,0.4850455708708844,0.14709334,ESC_WONG,15.1957,6.372355556351464e-16,False,True,False,False,stemness,stemness,factor_only_candidate_patient_or_technical,False,"depth,cell_cycle"
DR 41-,DR 41,-,ESC_ASSOU,0.1273,ESC_ASSOU,0.1273,0.5149544291291156,-0.14709334,ISDS,0.2638,0.5447534633275432,False,False,False,False,stemness,immune,neither,False,"depth,cell_cycle"
DR 42+,DR 42,+,KEGG_APM,0.1219,KEGG_APM,0.1219,0.4860532399065788,-0.079972886,KEGG_APM,0.7284,0.1868959971651491,False,False,False,False,immune,immune,neither,False,depth
DR 42-,DR 42,-,ESC_WONG,0.1018,ESC_WONG,0.1018,0.5139467600934212,0.079972886,ESC_ASSOU,0.8058,0.15638676645114105,False,False,False,False,stemness,stemness,neither,False,"depth,cell_cycle"
DR 43+,DR 43,+,FMASC,0.2014,FMASC,0.2014,0.593969829525276,0.22680452,ESC_ASSOU,3.3802,0.0004166774522219098,True,True,False,True,stemness,stemness,convergent,False,none
DR 43-,DR 43,-,HALLMARK_IFNA,0.1318,HALLMARK_IFNA,0.1318,0.406030170474724,-0.22680452,ISDS,1.0117,0.09734194058907295,False,False,False,False,immune,immune,neither,False,none
DR 44+,DR 44,+,HALLMARK_IFNG,0.0674,HALLMARK_IFNG,0.0674,0.4056053804810621,-0.4390243,HALLMARK_IFNA,0.687,0.20558905959841414,False,False,False,False,immune,immune,neither,False,none
DR 44-,DR 44,-,ESC_ASSOU,0.1586,ESC_ASSOU,0.1586,0.5943946195189379,0.4390243,ESC_ASSOU,13.6881,2.050689935651027e-14,False,True,False,False,stemness,stemness,factor_only_candidate_patient_or_technical,False,"depth,cell_cycle"
DR 45+,DR 45,+,HALLMARK_IFNA,0.0516,HALLMARK_IFNA,0.0516,0.4950786201597573,-0.005947023,FMASC,1.9952,0.010111137119549066,False,True,False,False,immune,stemness,factor_only_candidate_patient_or_technical,False,none
DR 45-,DR 45,-,BENPORATH_ES1,0.099,BENPORATH_ES1,0.099,0.5049213798402428,0.005947023,ISDS,1.0117,0.09734194058907295,False,False,False,False,stemness,immune,neither,False,"depth,cell_cycle"
DR 46+,DR 46,+,LIM_STEM,0.1013,LIM_STEM,0.1013,0.5783621623153955,0.4057669,LIM_STEM,2.4606,0.0034625814654379193,False,True,False,False,stemness,stemness,factor_only_candidate_patient_or_technical,False,none
DR 46-,DR 46,-,HALLMARK_IFNG,0.1453,HALLMARK_IFNG,0.1453,0.4216378376846045,-0.4057669,HALLMARK_IFNA,2.1424,0.0072044362041528455,False,True,False,False,immune,immune,factor_only_candidate_patient_or_technical,False,none
DR 47+,DR 47,+,ISDS,0.0593,ISDS,0.0593,0.4958267233382795,0.006583583,HALLMARK_IFNA,0.687,0.20558905959841414,False,False,False,False,immune,immune,neither,False,none
DR 47-,DR 47,-,FMASC,0.0195,FMASC,0.0195,0.5041732766617205,-0.006583583,ESC_ASSOU,0.48,0.3311311214825911,False,False,False,False,stemness,stemness,neither,False,none
DR 48+,DR 48,+,ESC_WONG,0.0581,ESC_WONG,0.0581,0.5476469361403093,0.15054092,ESC_ASSOU,0.8058,0.15638676645114105,False,False,False,False,stemness,stemness,neither,False,"depth,cell_cycle"
DR 48-,DR 48,-,HALLMARK_IFNG,0.1577,HALLMARK_IFNG,0.1577,0.45235306385969065,-0.15054092,HALLMARK_IFNG,5.0605,8.699614330652673e-06,False,True,False,False,immune,immune,factor_only_candidate_patient_or_technical,False,none
DR 49+,DR 49,+,BENPORATH_ES1,-0.0045,BENPORATH_ES1,-0.0045,0.526392016567407,-0.09745221,ESC_ASSOU,0.6464,0.2257355711021447,False,False,False,False,stemness,stemness,neither,False,"depth,cell_cycle"
DR 49-,DR 49,-,LIM_STEM,0.1334,LIM_STEM,0.1334,0.473607983432593,0.09745221,LIM_STEM,2.4606,0.0034625814654379193,False,True,False,False,stemness,stemness,factor_only_candidate_patient_or_technical,False,none
DR 50+,DR 50,+,FMASC,0.1237,FMASC,0.1237,0.5923423687778703,0.20083775,ESC_WONG,0.9169,0.12108769161668773,False,False,False,False,stemness,stemness,neither,False,none
DR 50-,DR 50,-,HALLMARK_IFNA,0.1991,HALLMARK_IFNA,0.1991,0.4076576312221297,-0.20083775,LIM_STEM,19.8971,1.2673600118311338e-20,False,True,False,False,immune,stemness,factor_only_candidate_patient_or_technical,False,none
DR 51+,DR 51,+,IMMUNOGENIC_CONSENSUS,0.0419,IMMUNOGENIC_CONSENSUS,0.0419,0.4707966282984939,-0.08857008,HALLMARK_IFNA,0.0968,0.8002026771193327,False,False,False,False,immune,immune,neither,False,none
DR 51-,DR 51,-,ESC_ASSOU,0.0999,ESC_ASSOU,0.0999,0.5292033717015061,0.08857008,ESC_ASSOU,3.7882,0.00016285458868290706,False,True,False,False,stemness,stemness,factor_only_candidate_patient_or_technical,False,"depth,cell_cycle"
DR 52+,DR 52,+,FMASC,0.0997,FMASC,0.0997,0.5231168704096398,0.05090191,ESC_ASSOU,0.8058,0.15638676645114105,False,False,False,False,stemness,stemness,neither,True,none
DR 52-,DR 52,-,HALLMARK_IFNA,0.2409,HALLMARK_IFNA,0.2409,0.47688312959036017,-0.05090191,IMMUNOGENIC_CONSENSUS,2.5717,0.0026810196680906334,True,True,False,True,immune,immune,convergent,True,none
DR 53+,DR 53,+,ESC_ASSOU,0.2687,ESC_ASSOU,0.2687,0.5801774742488184,0.28221977,IMMUNOGENIC_CONSENSUS,3.4852,0.0003271899836231792,True,True,False,False,stemness,immune,both_routes_different_family,True,"depth,cell_cycle"
DR 53-,DR 53,-,LIM_STEM,0.216,LIM_STEM,0.216,0.4198225257511816,-0.28221977,ESC_ASSOU,0.9943,0.1013211242412733,True,False,False,False,stemness,stemness,cell_only_state_not_on_one_axis,True,none
DR 54+,DR 54,+,ESC_ASSOU,0.2897,ESC_ASSOU,0.2897,0.5779793300032137,0.30688417,IMMUNOGENIC_CONSENSUS,3.4852,0.0003271899836231792,True,True,False,False,stemness,immune,both_routes_different_family,True,"depth,cell_cycle"
DR 54-,DR 54,-,LIM_STEM,0.1087,LIM_STEM,0.1087,0.42202066999678634,-0.30688417,ESC_WONG,0.2473,0.5658482798597853,False,False,False,False,stemness,stemness,neither,True,none
DR 55+,DR 55,+,LIM_STEM,0.0156,LIM_STEM,0.0156,0.5119827215552968,0.0531126,ESC_ASSOU,1.2062,0.06220137712744861,False,False,False,False,stemness,stemness,neither,True,none
DR 55-,DR 55,-,HALLMARK_IFNG,0.1468,HALLMARK_IFNG,0.1468,0.4880172784447032,-0.0531126,IMMUNOGENIC_CONSENSUS,4.5855,2.597167741402012e-05,False,True,False,False,immune,immune,factor_only_candidate_patient_or_technical,True,none
DR 56+,DR 56,+,LIM_STEM,0.1427,LIM_STEM,0.1427,0.3546018864500317,-0.5158359,ESC_ASSOU,0.6464,0.2257355711021447,False,False,False,False,stemness,stemness,neither,True,none
DR 56-,DR 56,-,ESC_ASSOU,0.3514,ESC_ASSOU,0.3514,0.6453981135499682,0.5158359,IMMUNOGENIC_CONSENSUS,2.5717,0.0026810196680906334,True,True,False,False,stemness,immune,both_routes_different_family,True,"depth,cell_cycle"
DR 57+,DR 57,+,KEGG_APM,0.2615,KEGG_APM,0.2615,0.4336989868655348,-0.248697,IMMUNOGENIC_CONSENSUS,2.5717,0.0026810196680906334,True,True,False,True,immune,immune,convergent,True,depth
DR 57-,DR 57,-,LIM_STEM,0.0676,LIM_STEM,0.0676,0.5663010131344652,0.248697,LIM_STEM,0.2873,0.5160597646630204,False,False,False,False,stemness,stemness,neither,True,none
DR 58+,DR 58,+,IMMUNOGENIC_CONSENSUS,0.1174,IMMUNOGENIC_CONSENSUS,0.1174,0.3340271477232994,-0.59973085,HALLMARK_IFNA,0.447,0.3572728381519289,False,False,False,False,immune,immune,neither,True,none
DR 58-,DR 58,-,ESC_WONG,0.3531,ESC_WONG,0.3531,0.6659728522767006,0.59973085,ESC_ASSOU,1.2062,0.06220137712744861,True,False,False,False,stemness,stemness,cell_only_state_not_on_one_axis,True,"depth,cell_cycle"
DR 59+,DR 59,+,ISDS,0.0273,ISDS,0.0273,0.4622294981359539,-0.16637622,FMASC,0.1584,0.6943844712409819,False,False,False,False,immune,stemness,neither,True,none
DR 59-,DR 59,-,ESC_ASSOU,0.091,CytoTRACE2,0.0925,0.5377705018640462,0.16637622,IMMUNOGENIC_CONSENSUS,3.4852,0.0003271899836231792,False,True,False,False,stemness,immune,factor_only_candidate_patient_or_technical,True,none
DR 60+,DR 60,+,ISDS,0.0606,ISDS,0.0606,0.441850466399329,-0.21747826,IMMUNOGENIC_CONSENSUS,1.2152,0.0609256259749656,False,False,False,False,immune,immune,neither,True,none
DR 60-,DR 60,-,ESC_ASSOU,0.0753,CytoTRACE2,0.0972,0.558149533600671,0.21747826,ESC_ASSOU,2.2806,0.005240829125640289,False,True,False,False,stemness,stemness,factor_only_candidate_patient_or_technical,True,"depth,cell_cycle"
DR 61+,DR 61,+,LIM_STEM,0.0391,LIM_STEM,0.0391,0.4045220002325511,-0.35478437,ESC_ASSOU,1.9887,0.010263606662641497,False,True,False,False,stemness,stemness,factor_only_candidate_patient_or_technical,True,"depth,cell_cycle"
DR 61-,DR 61,-,ESC_ASSOU,0.1986,ESC_ASSOU,0.1986,0.5954779997674489,0.35478437,IMMUNOGENIC_CONSENSUS,3.4852,0.0003271899836231792,False,True,False,False,stemness,immune,factor_only_candidate_patient_or_technical,True,none
DR 62+,DR 62,+,ESC_ASSOU,0.3363,ESC_ASSOU,0.3363,0.6203971182755312,0.44670543,IMMUNOGENIC_CONSENSUS,5.8005,1.5830695667064378e-06,True,True,False,False,stemness,immune,both_routes_different_family,True,"depth,cell_cycle"
DR 62-,DR 62,-,ISDS,0.0914,ISDS,0.0914,0.37960288172446877,-0.44670543,ESC_ASSOU,0.6464,0.2257355711021447,False,False,False,False,immune,stemness,neither,True,none
DR 63+,DR 63,+,LIM_STEM,0.0614,LIM_STEM,0.0614,0.4696892276162436,-0.11029138,IMMUNOGENIC_CONSENSUS,0.0968,0.8002026771193327,False,False,False,False,stemness,immune,neither,False,none
DR 63-,DR 63,-,ESC_ASSOU,0.174,ESC_ASSOU,0.174,0.5303107723837563,0.11029138,ESC_ASSOU,2.6188,0.0024054703049880967,False,True,False,False,stemness,stemness,factor_only_candidate_patient_or_technical,False,"depth,cell_cycle"
DR 64+,DR 64,+,FMASC,0.0977,FMASC,0.0977,0.3357401214207357,-0.5993113,HALLMARK_IFNA,0.9733,0.10634081880996964,False,False,False,False,stemness,immune,neither,True,none
DR 64-,DR 64,-,ESC_ASSOU,0.3124,ESC_ASSOU,0.3124,0.6642598785792643,0.5993113,ESC_ASSOU,1.6979,0.020049336272477257,True,True,True,True,stemness,stemness,convergent,True,"depth,cell_cycle"
