# dim_geneset_signed_significance | collection scie (stemness x immunogenicity (SCIE)) | DRVI run drvi_epi_64 | 04_3 - 04_7 signature interpretation
# CAVEAT: Cell type labels come from CellTypist (Cells_Adult_Breast.pkl, Kumar et al.
# CAVEAT: 2023), a NORMAL adult breast atlas with no malignant class: TNBC cells are assigned to the nearest normal state.
# CAVEAT: This subset therefore mixes normal and malignant epithelium and no CNV inference has been run.
# CAVEAT: Every state reported here is an EPITHELIAL state, not a tumour cell state.
,HALLMARK_IFNA,HALLMARK_IFNG,ISDS,KEGG_APM,IMMUNOGENIC_CONSENSUS,BENPORATH_ES1,ESC_ASSOU,ESC_WONG,LIM_STEM,FMASC
DR 32,0.0968,0.447,0.0646,0.7284,0.7223,-0.8594,-2.6188,-2.4351,-0.9982,-0.9279
DR 3,0.0968,-0.6262,0.0646,-5.0605,-4.5855,0.8594,1.9887,0.1104,-0.0,-0.0
DR 62,0.447,0.6262,0.2638,4.1855,5.8005,0.0628,-0.6464,-0.0342,-0.0,0.0342
DR 23,-22.8383,-38.7569,-10.8596,-0.2145,-0.358,0.2638,1.4348,0.0342,-0.0743,0.2773
DR 25,-0.2417,-0.038,-0.0646,-0.0,-0.0968,1.1235,1.2062,1.5734,-0.0743,-0.447
DR 10,-0.2417,-0.3001,-0.0646,-1.1235,-1.835,-0.2638,-0.48,-0.1104,-0.6725,-0.2145
DR 38,-2.6645,-3.0206,-1.5568,-5.0605,-4.5855,0.6317,1.6979,0.6581,-0.028,-0.0
DR 64,0.9733,0.3001,0.2638,0.447,0.7223,-0.1507,-1.6979,-0.1104,-0.4104,0.0342
DR 60,0.9733,0.6262,1.0117,1.1235,1.2152,-1.1235,-2.2806,-0.447,-0.1212,-0.2145
DR 56,-0.447,-0.038,-0.5999,-2.0714,-2.5717,-0.0,0.6464,-0.0,0.0743,-0.0
DR 48,-0.687,-5.0605,-0.5999,0.0,-0.0968,-0.0,0.8058,0.0342,-0.1212,0.2773
DR 20,0.687,0.8058,0.5999,-0.0,0.0,0.447,0.48,0.2473,0.6725,-0.2145
DR 21,-0.0159,-0.0,0.0,0.0,0.0,-0.2638,-1.6979,-0.2473,-0.0,-0.0
DR 45,-0.687,-0.447,-1.0117,-0.2145,-0.0,-0.2638,0.358,-0.2473,1.6452,1.9952
DR 51,0.0968,0.038,-0.2638,-0.0628,-0.0,-0.8594,-3.7882,-0.9169,-0.1212,-0.0342
DR 6,-0.9733,-0.6262,-1.0117,0.0,0.0,-0.447,-1.4348,-0.0,-0.2873,0.2145
DR 63,-0.2417,-0.0,-0.2638,-0.2145,0.0968,-0.6317,-2.6188,-0.6581,-0.0,-0.0035
DR 5,1.6979,0.1889,1.5568,0.0,0.0,0.8594,0.8058,0.2473,-51.0213,-0.3676
DR 29,-0.447,0.0942,0.5999,-0.0,0.0,0.2638,-0.0,-0.0,1.6452,-0.2145
DR 14,-0.0968,-0.0,-0.5999,0.0,0.0,17.8691,23.1506,24.2378,-0.028,12.1764
DR 2,-0.9733,0.3001,-0.2638,0.0,-0.0968,-0.1507,-0.2417,-0.447,16.6677,12.7458
DR 4,-0.687,-0.447,-0.2638,0.2145,0.7223,0.447,0.6464,-0.0,1.6452,0.0646
DR 40,0.447,-0.8058,0.2638,-0.0628,0.0968,0.0628,1.2062,0.1104,-0.0,0.0342
DR 11,0.2417,0.1889,0.0646,-0.0,-0.0,-17.8691,-25.0765,-21.4242,-0.0,-18.4225
DR 57,0.9733,0.3001,0.5999,2.0714,2.5717,0.1507,0.6464,-0.0,-0.2873,0.0646
DR 27,-17.0829,-20.6838,-4.9619,-6.0144,-7.2626,0.447,0.9943,0.1104,-0.0,-0.0
DR 42,0.447,0.6262,-0.5999,0.7284,0.0968,0.447,-0.8058,0.2473,-0.2093,0.0646
DR 41,-0.2417,-0.0,-0.2638,-0.0628,0.0,6.7291,7.4345,15.1957,1.4046,3.9031
DR 24,2.1424,1.283,2.1739,-0.0628,-0.0,2.5539,2.9866,2.4351,-0.6725,1.075
DR 36,-33.7738,-27.3105,-12.9488,-1.1235,-0.358,0.2638,1.6979,0.447,-0.0,0.447
DR 44,0.687,0.038,0.5999,0.2145,-0.0968,-5.314,-13.6881,-9.8299,-0.0,-3.9031
DR 26,0.447,0.6262,-0.5999,-0.0,0.0968,-4.684,-11.4253,-5.5142,-0.028,-0.5569
DR 49,-0.687,-1.0339,0.5999,-0.2145,0.0968,0.1507,0.6464,0.447,-2.4606,-0.9279
DR 47,0.687,0.3001,0.5999,-0.0,-0.0968,-0.1507,-0.48,-0.0342,-0.0,-0.1584
DR 54,0.687,0.3001,0.5999,1.5636,3.4852,0.2638,1.6979,-0.2473,-0.0,-0.0
DR 31,-0.9733,-0.8058,-0.2638,-3.3836,-1.835,-1.4118,-2.9866,-0.9169,-0.0,-0.9279
DR 37,-0.9733,-0.0942,-0.5999,-0.0628,0.0,0.447,0.48,0.2473,9.626,-0.0
DR 43,-0.9733,-0.447,-1.0117,-0.447,-0.358,0.6317,3.3802,1.5734,-0.0,1.2216
DR 8,0.687,0.8058,0.2638,-0.0,-0.0968,1.1235,1.9887,2.4351,-0.028,0.0646
DR 22,-0.0,-0.0,-0.0646,-0.0,0.0968,0.1507,-0.2417,-0.2473,2.4606,0.447
DR 46,-2.1424,-1.283,-1.5568,-0.2145,-0.358,1.1235,1.2062,-0.1104,2.4606,1.2216
DR 17,-1.6979,-0.8058,-1.0117,-0.0628,-0.0968,-0.0,-0.0894,-0.1104,-1.1925,0.0968
DR 19,0.2417,1.0339,0.0646,1.1235,0.0968,-2.1212,-3.3802,-0.6581,-0.0,-0.3676
DR 52,-0.9733,-0.1889,-0.2638,-2.0714,-2.5717,0.0628,0.8058,0.2473,0.2093,-0.2145
DR 28,-3.243,-0.1889,-1.5568,0.0,0.0,-0.1507,-1.9887,-0.0,-0.0743,-0.0
DR 12,-0.687,0.447,1.0117,1.1235,1.835,-1.7393,-4.6983,-1.5734,4.7347,0.0342
DR 30,-0.0159,0.038,0.2638,0.2145,0.0,1.4118,2.2806,1.2158,0.1212,-0.0
DR 16,4.5938,3.0206,2.1739,-0.0628,-0.0968,2.1212,2.6188,2.4351,-0.0743,-0.0342
DR 13,-0.687,-0.6262,-0.5999,-0.0628,-0.0968,-0.0628,-0.358,0.1104,-0.028,-0.0
DR 18,0.0968,0.038,-0.0,-0.447,-0.0968,-0.0,0.9943,0.0342,-0.0,-0.0
DR 61,-1.6979,-0.447,-1.0117,-1.5636,-3.4852,0.1507,1.9887,0.2473,0.0743,0.2145
DR 33,0.687,0.6262,1.0117,-0.0628,0.0,-0.0,0.48,0.2473,-0.0,-0.0
DR 55,-0.687,-0.447,-0.5999,-2.667,-4.5855,0.2638,1.2062,0.1104,0.6725,-0.2773
DR 59,-0.447,-0.0942,-0.2638,-2.667,-3.4852,-0.0628,-0.48,-0.6581,-0.0,0.1584
DR 53,0.9733,0.447,0.5999,2.667,3.4852,-0.1507,-0.9943,-0.0,-0.0,0.2145
DR 50,-3.243,-4.5147,-0.5999,-0.0628,-0.358,0.1507,0.8058,0.9169,-19.8971,0.0035
DR 1,0.2417,-0.0,0.0646,-0.0,0.0968,1.4118,1.4348,-0.0,1.9071,1.9952
DR 9,0.9733,1.0339,0.5999,-0.2145,-0.0968,1.1235,2.2806,0.9169,-0.0,-0.0342
DR 34,-0.687,-0.447,-1.0117,-0.447,-0.0968,0.447,1.4348,-0.0342,0.2873,-0.0968
DR 15,0.0968,0.038,-0.0646,0.0628,0.0968,-0.0,0.2417,0.1104,-0.9982,-2.6859
DR 58,0.447,-0.0,0.2638,-0.0,-0.0,-0.1507,-1.2062,-0.0,-0.9982,0.0968
DR 35,-2.6645,-2.2102,-2.1739,-0.2145,0.0968,0.1507,1.6979,0.447,0.0743,0.6784
DR 7,2.1424,0.6262,1.0117,-0.0,-0.0,0.8594,2.2806,0.447,-0.0,-0.2145
DR 39,-0.687,0.447,0.2638,-0.7284,-0.0968,-1.4118,-2.2806,-0.447,0.0743,-0.1584
