# dim_geneset_signed_significance | DRVI run drvi_epi_64 | 04_3 signature interpretation
# CAVEAT: Cell type labels come from CellTypist (Cells_Adult_Breast.pkl, Kumar et al.
# CAVEAT: 2023), a NORMAL adult breast atlas with no malignant class: TNBC cells are assigned to the nearest normal state.
# CAVEAT: This subset therefore mixes normal and malignant epithelium and no CNV inference has been run.
# CAVEAT: Every state reported here is an EPITHELIAL state, not a tumour cell state.
,HALLMARK_IFNA,HALLMARK_IFNG,ISDS,KEGG_APM,IMMUNOGENIC_CONSENSUS,BENPORATH_ES1,ESC_ASSOU,ESC_WONG,EMP,LIM_STEM,FMASC
DR 32,0.0967,0.455,0.0618,0.7551,0.749,-0.886,-2.6829,-2.494,-0.0618,-1.0323,-0.9567
DR 3,0.0967,-0.6441,0.0618,-5.1394,-4.6614,0.886,2.0468,0.1106,0.0618,-0.0,-0.0
DR 23,-22.9213,-38.8399,-10.9426,-0.2197,-0.3693,0.2717,1.4792,0.0335,0.0618,-0.0708,0.2867
DR 25,-0.2483,-0.0378,-0.0618,-0.0,-0.0967,1.1581,1.2468,1.6208,0.0,-0.0708,-0.4579
DR 10,-0.2483,-0.31,-0.0618,-1.1581,-1.8907,-0.2717,-0.4937,-0.1106,-0.4078,-0.6941,-0.2197
DR 38,-2.7282,-3.0885,-1.6016,-5.1394,-4.6614,0.65,1.7457,0.68,-0.4078,-0.0273,-0.0
DR 48,-0.7087,-5.1394,-0.6173,0.0,-0.0967,-0.0,0.8325,0.0335,-0.0618,-0.1228,0.2867
DR 20,0.7087,0.8325,0.6173,-0.0,0.0,0.455,0.4937,0.2541,-0.0618,0.6941,-0.2197
DR 21,-0.0144,-0.0,0.0,0.0,0.0,-0.2717,-1.7457,-0.2541,0.0618,-0.0,-0.0
DR 45,-0.7087,-0.455,-1.046,-0.2197,-0.0,-0.2717,0.3693,-0.2541,0.0618,1.6927,2.0537
DR 51,0.0967,0.0378,-0.2717,-0.0618,-0.0,-0.886,-3.8625,-0.9443,0.0,-0.1228,-0.0335
DR 6,-1.0022,-0.6441,-1.046,0.0,0.0,-0.455,-1.4792,-0.0,-0.0618,-0.2971,0.2197
DR 63,-0.2483,-0.0,-0.2717,-0.2197,0.0967,-0.65,-2.6829,-0.68,0.0618,-0.0,-0.0
DR 5,1.7478,0.1918,1.6016,0.0,0.0,0.886,0.8325,0.2541,-0.4078,-51.1043,-0.3783
DR 29,-0.455,0.0938,0.6173,-0.0,0.0,0.2717,-0.0,-0.0,0.0618,1.6927,-0.2197
DR 14,-0.0967,-0.0,-0.6173,0.0,0.0,17.9521,23.2336,24.3208,-0.4078,-0.0273,12.2594
DR 2,-1.0022,0.31,-0.2717,0.0,-0.0967,-0.1527,-0.2483,-0.455,0.9789,16.7507,12.8288
DR 4,-0.7087,-0.455,-0.2717,0.2197,0.749,0.455,0.6655,-0.0,0.0618,1.6927,0.0618
DR 40,0.455,-0.8325,0.2717,-0.0618,0.0967,0.0618,1.2468,0.1106,-0.4078,-0.0,0.0335
DR 11,0.2483,0.1918,0.0618,-0.0,-0.0,-17.9521,-25.1595,-21.5072,-0.0618,-0.0,-18.5055
DR 27,-17.1659,-20.7668,-5.0409,-6.0974,-7.3456,0.455,1.0281,0.1106,0.0,-0.0,-0.0
DR 42,0.455,0.6441,-0.6173,0.7551,0.0967,0.455,-0.8325,0.2541,0.0,-0.2145,0.0618
DR 41,-0.2483,-0.0,-0.2717,-0.0618,0.0,6.8121,7.5175,15.2787,0.0618,1.4488,3.9771
DR 24,2.202,1.3272,2.234,-0.0618,-0.0,2.6108,3.0553,2.494,-0.0618,-0.6941,1.1097
DR 36,-33.8568,-27.3935,-13.0318,-1.1581,-0.3693,0.2717,1.7457,0.455,0.0618,-0.0,0.4579
DR 44,0.7087,0.0378,0.6173,0.2197,-0.0967,-5.3925,-13.7711,-9.9129,-0.4078,-0.0,-3.9771
DR 26,0.455,0.6441,-0.6173,-0.0,0.0967,-4.7632,-11.5083,-5.5925,0.0618,-0.0273,-0.5741
DR 49,-0.7087,-1.0687,0.6173,-0.2197,0.0967,0.1527,0.6655,0.455,-0.4078,-2.5186,-0.9567
DR 47,0.7087,0.31,0.6173,-0.0,-0.0967,-0.1527,-0.4937,-0.0335,0.0618,-0.0,-0.1612
DR 31,-1.0022,-0.8325,-0.2717,-3.4494,-1.8907,-1.4556,-3.0553,-0.9443,-0.4078,-0.0,-0.9567
DR 37,-1.0022,-0.0938,-0.6173,-0.0618,0.0,0.455,0.4937,0.2541,0.0618,9.709,-0.0
DR 43,-1.0022,-0.455,-1.046,-0.455,-0.3693,0.65,3.4462,1.6208,0.0618,-0.0,1.2646
DR 8,0.7087,0.8325,0.2717,-0.0,-0.0967,1.1581,2.0468,2.494,0.0,-0.0273,0.0618
DR 22,-0.0,-0.0,-0.0618,-0.0,0.0967,0.1527,-0.2483,-0.2541,0.0618,2.5186,0.4579
DR 46,-2.202,-1.3272,-1.6016,-0.2197,-0.3693,1.1581,1.2468,-0.1106,0.4078,2.5186,1.2646
DR 17,-1.7478,-0.8325,-1.046,-0.0618,-0.0967,-0.0,-0.0866,-0.1106,0.0618,-1.2339,0.0967
DR 19,0.2483,1.0687,0.0618,1.1581,0.0967,-2.1814,-3.4462,-0.68,0.0618,-0.0,-0.3783
DR 28,-3.3097,-0.1918,-1.6016,0.0,0.0,-0.1527,-2.0468,-0.0,0.0,-0.0708,-0.0
DR 12,-0.7087,0.455,1.046,1.1581,1.8907,-1.7955,-4.7774,-1.6208,0.0618,4.8138,0.0335
DR 30,-0.0144,0.0378,0.2717,0.2197,0.0,1.4556,2.3396,1.259,0.4078,0.1228,-0.0
DR 16,4.6732,3.0885,2.234,-0.0618,-0.0967,2.1814,2.6829,2.494,-0.0618,-0.0708,-0.0335
DR 13,-0.7087,-0.6441,-0.6173,-0.0618,-0.0967,-0.0618,-0.3693,0.1106,-0.9789,-0.0273,-0.0
DR 18,0.0967,0.0378,-0.0,-0.455,-0.0967,-0.0,1.0281,0.0335,0.0618,-0.0,-0.0
DR 33,0.7087,0.6441,1.046,-0.0618,0.0,-0.0,0.4937,0.2541,0.0618,-0.0,-0.0
DR 50,-3.3097,-4.5908,-0.6173,-0.0618,-0.3693,0.1527,0.8325,0.9443,-0.0618,-19.9801,-0.0
DR 1,0.2483,-0.0,0.0618,-0.0,0.0967,1.4556,1.4792,-0.0,0.4078,1.9619,2.0537
DR 9,1.0022,1.0687,0.6173,-0.2197,-0.0967,1.1581,2.3396,0.9443,-0.0618,-0.0,-0.0335
DR 34,-0.7087,-0.455,-1.046,-0.455,-0.0967,0.455,1.4792,-0.0335,0.0618,0.2971,-0.0967
DR 15,0.0967,0.0378,-0.0618,0.0618,0.0967,-0.0,0.2483,0.1106,-0.9789,-1.0323,-2.7556
DR 35,-2.7282,-2.2695,-2.234,-0.2197,0.0967,0.1527,1.7457,0.455,0.0618,0.0708,0.7001
DR 7,2.202,0.6441,1.046,-0.0,-0.0,0.886,2.3396,0.455,-0.0618,-0.0,-0.2197
DR 39,-0.7087,0.455,0.2717,-0.7551,-0.0967,-1.4556,-2.3396,-0.455,0.0,0.0708,-0.1612
