# dim_signature_spearman | DRVI run drvi_epi_64 | 04_3 signature interpretation
# CAVEAT: Cell type labels come from CellTypist (Cells_Adult_Breast.pkl, Kumar et al.
# CAVEAT: 2023), a NORMAL adult breast atlas with no malignant class: TNBC cells are assigned to the nearest normal state.
# CAVEAT: This subset therefore mixes normal and malignant epithelium and no CNV inference has been run.
# CAVEAT: Every state reported here is an EPITHELIAL state, not a tumour cell state.
,HALLMARK_IFNA,HALLMARK_IFNG,ISDS,KEGG_APM,IMMUNOGENIC_CONSENSUS,BENPORATH_ES1,ESC_ASSOU,ESC_WONG,EMP,LIM_STEM,FMASC
DR 32,0.118,0.1118,0.138,0.1321,0.1634,-0.0561,-0.0641,-0.0631,-0.0216,-0.0979,-0.0543
DR 3,-0.083,-0.0924,-0.1515,-0.0823,-0.183,0.2445,0.3208,0.2883,0.0321,-0.0971,0.1028
DR 62,-0.0477,-0.0452,-0.0914,0.1556,0.0332,0.2587,0.3363,0.2761,0.0512,-0.0838,0.1402
DR 23,-0.4003,-0.4142,-0.3397,-0.17,-0.2253,-0.0011,0.0454,0.0497,0.0034,0.0054,0.067
DR 25,-0.1723,-0.1515,-0.1407,-0.1548,-0.1885,0.0513,0.0599,0.0707,0.0113,-0.0564,0.0538
DR 10,-0.0897,-0.1082,-0.0678,-0.054,-0.0712,-0.0927,-0.1123,-0.1108,-0.0178,0.0094,0.0306
DR 38,-0.1197,-0.0803,-0.1019,-0.222,-0.2021,0.0396,0.0456,0.0598,-0.0576,-0.0834,-0.0744
DR 64,0.0212,-0.0035,0.093,-0.0513,0.016,-0.2199,-0.3124,-0.3044,-0.0105,0.0958,0.0977
DR 60,0.041,-0.0111,0.0606,0.0343,0.049,-0.0661,-0.0753,-0.062,0.0091,-0.0391,-0.0391
DR 56,-0.0646,-0.0889,-0.0155,-0.0373,-0.0004,-0.2958,-0.3514,-0.3326,-0.0243,0.1427,-0.1093
DR 48,-0.0643,-0.1577,-0.0525,-0.0435,-0.0565,0.002,0.0321,0.0581,0.0184,-0.0531,0.0164
DR 20,0.1027,0.122,0.0912,0.0206,0.0151,-0.0335,-0.0401,-0.0209,-0.0084,0.1654,-0.1221
DR 21,0.0449,0.053,0.0971,-0.0214,0.049,-0.2127,-0.2905,-0.266,0.0119,0.0539,-0.0412
DR 45,0.0516,0.0199,0.0413,-0.045,0.0139,-0.099,-0.0422,0.0275,0.0543,0.0507,-0.0044
DR 51,0.026,-0.0143,0.0269,-0.0049,0.0419,-0.0959,-0.0999,-0.0713,-0.0026,0.0283,-0.0141
DR 6,-0.0497,-0.0227,-0.0265,-0.0191,0.0156,-0.034,-0.0589,-0.0661,-0.0516,-0.0177,0.0631
DR 63,-0.0195,-0.0447,0.002,-0.05,-0.0136,-0.142,-0.174,-0.1388,-0.0231,0.0614,-0.0563
DR 5,-0.0221,-0.0407,-0.0304,-0.0368,-0.0715,0.0705,0.0793,0.1076,-0.0224,-0.3106,-0.0689
DR 29,-0.0083,0.0109,-0.0175,-0.0479,-0.0675,0.0164,0.0247,0.0154,0.0701,0.2322,-0.0902
DR 14,-0.0911,-0.1125,-0.1117,-0.082,-0.0896,0.2666,0.2428,0.2479,0.0424,-0.056,0.1792
DR 2,0.0347,0.0032,0.0716,-0.0465,0.0073,-0.1677,-0.2375,-0.2372,0.0613,0.2652,0.1074
DR 4,-0.1102,-0.0617,-0.0888,0.0079,-0.0373,0.0516,0.0518,0.0295,0.0417,0.1141,0.0675
DR 40,0.0439,0.0614,-0.0026,0.1085,0.0754,0.1655,0.2265,0.187,0.0094,-0.0393,0.0337
DR 11,0.0995,0.1233,0.1011,0.1128,0.1083,-0.2205,-0.196,-0.1875,-0.0372,0.0107,-0.2197
DR 57,0.0625,0.0691,0.0325,0.2615,0.2387,0.1177,0.1918,0.1763,0.0413,-0.0676,-0.0549
DR 27,-0.3652,-0.3794,-0.3716,-0.5301,-0.6281,-0.036,-0.0214,0.0038,-0.0091,0.0268,0.0205
DR 42,0.0305,0.0012,0.0145,0.1219,0.0655,0.0505,-0.0612,-0.1018,-0.0164,0.0677,0.1152
DR 41,-0.052,-0.0452,-0.0235,-0.1079,-0.0506,-0.0875,-0.1273,-0.0948,-0.0336,0.0012,-0.0345
DR 24,0.071,0.0377,0.0405,0.0137,0.0545,0.0591,0.0534,0.0861,-0.0474,-0.1199,0.0423
DR 36,-0.4971,-0.4206,-0.5122,-0.1525,-0.1988,0.0031,0.0283,0.0434,0.0178,0.018,0.054
DR 44,0.0415,0.0674,0.0445,0.0459,0.0425,-0.1454,-0.1586,-0.1526,-0.0622,0.0032,-0.0753
DR 26,0.0667,0.0997,0.0996,0.0342,0.0952,-0.1532,-0.116,-0.1415,0.0004,0.0692,-0.0054
DR 49,-0.0852,-0.0707,-0.069,-0.0349,-0.0376,-0.0045,-0.0163,-0.0121,-0.0367,-0.1334,-0.0658
DR 47,0.0403,0.0138,0.0593,0.0077,-0.0044,-0.0079,-0.0133,-0.0056,0.0133,0.0024,-0.0195
DR 54,0.0316,0.0731,0.0107,0.1446,0.0876,0.1936,0.2897,0.2403,0.0391,-0.1087,0.0643
DR 31,0.011,0.0214,0.0028,-0.0914,-0.0013,-0.0728,-0.0056,0.048,-0.0299,-0.0655,-0.1813
DR 37,-0.0426,-0.0501,-0.0551,-0.051,-0.0506,0.0272,0.0437,0.0437,0.0352,0.1989,-0.0464
DR 43,-0.1318,-0.1173,-0.1296,0.0064,-0.0583,0.1141,0.1113,0.0559,-0.0129,0.0308,0.2014
DR 8,0.0734,0.0801,0.0543,0.0787,0.0569,0.0325,0.0458,0.034,0.0168,-0.0141,0.1298
DR 22,0.036,0.0397,0.0401,0.016,0.0055,0.0289,0.0248,0.0204,0.0209,0.0617,0.059
DR 46,-0.1429,-0.1453,-0.1258,-0.0765,-0.0973,0.0198,0.017,0.009,0.0439,0.1013,0.0744
DR 17,-0.0678,-0.0766,-0.0665,-0.0002,-0.0094,0.012,-0.0239,-0.0153,0.0029,-0.1553,0.0368
DR 19,0.0308,0.1044,0.0285,0.1692,0.0526,0.0802,0.0686,-0.0079,-0.0187,0.0066,0.0924
DR 52,-0.2409,-0.2298,-0.1858,-0.2319,-0.2339,-0.1013,-0.1541,-0.1475,-0.0044,0.0969,0.0997
DR 28,-0.1101,-0.0134,-0.1053,-0.0144,-0.0268,0.0846,0.1253,0.0325,-0.0077,-0.0209,0.2142
DR 12,0.0638,0.0431,0.1197,-0.0234,0.0683,-0.2184,-0.2762,-0.2553,0.0246,0.2079,0.0095
DR 30,-0.0349,-0.002,-0.0288,0.1153,-0.0201,0.0698,0.0483,0.0005,-0.0011,0.0224,0.0588
DR 16,-0.0162,-0.0979,0.0213,-0.2166,-0.1556,-0.2185,-0.2305,-0.1392,-0.0226,-0.0112,-0.1413
DR 13,-0.0489,-0.0309,-0.0402,-0.0453,-0.0506,0.0137,0.0096,0.0119,-0.0293,0.0316,0.0012
DR 18,-0.0574,-0.0521,-0.0988,0.0282,-0.0562,0.2161,0.2729,0.2338,-0.0099,-0.0924,0.0829
DR 61,-0.0942,-0.0551,-0.0514,-0.0997,-0.1098,-0.1604,-0.1986,-0.1755,-0.0381,0.0391,-0.0972
DR 33,-0.0375,-0.0277,-0.0368,-0.0653,-0.0582,-0.0178,0.0148,0.0276,-0.0065,-0.0234,-0.0093
DR 55,-0.1238,-0.1468,-0.0991,-0.1423,-0.1445,-0.129,-0.1032,-0.0731,0.0562,0.0156,0.015
DR 59,-0.0011,-0.0065,0.0273,-0.0841,0.0122,-0.0729,-0.091,-0.0713,-0.0008,0.0143,-0.0815
DR 53,-0.0037,0.0429,-0.0114,0.1204,0.085,0.2117,0.2687,0.2098,0.0109,-0.216,0.1251
DR 50,-0.1991,-0.1837,-0.1799,-0.0973,-0.1309,0.0763,0.0921,0.0909,0.0172,-0.1537,0.1237
DR 1,0.0617,-0.0209,0.0284,0.0996,0.0882,0.0601,0.074,0.0898,0.0786,0.0696,0.0297
DR 9,0.027,-0.0001,0.0401,-0.0969,-0.0416,-0.1248,-0.1742,-0.1315,-0.0547,0.0434,-0.1158
DR 34,-0.045,-0.0587,-0.0628,-0.0767,-0.0309,0.0324,0.0554,0.0734,0.0429,-0.0012,-0.0119
DR 15,0.065,0.0855,0.0237,0.1269,0.1059,0.1462,0.2,0.1815,-0.0046,-0.0868,-0.0414
DR 58,0.0058,-0.0059,0.0719,0.1025,0.1174,-0.1878,-0.3244,-0.3531,-0.1036,0.0657,0.0202
DR 35,0.0666,0.0417,0.0337,0.0589,0.0425,0.1021,0.112,0.0746,0.0696,0.0383,0.115
DR 7,0.0489,-0.0057,0.0188,-0.0325,0.0163,0.008,0.0984,0.2443,-0.0279,-0.2035,-0.3226
DR 39,-0.0426,0.0257,-0.0404,-0.038,-0.0263,0.0308,0.0412,-0.0234,0.0013,0.0778,0.0945
