# dim_signature_spearman | collection emt (epithelial-mesenchymal transition (EMT)) | DRVI run drvi_epi_64 | 04_3 - 04_7 signature interpretation
# CAVEAT: Cell type labels come from CellTypist (Cells_Adult_Breast.pkl, Kumar et al.
# CAVEAT: 2023), a NORMAL adult breast atlas with no malignant class: TNBC cells are assigned to the nearest normal state.
# CAVEAT: This subset therefore mixes normal and malignant epithelium and no CNV inference has been run.
# CAVEAT: Every state reported here is an EPITHELIAL state, not a tumour cell state.
,EMT_B_EPITHELIAL,EMT_B_HYBRID,EMT_B_MESENCHYMAL,EMT_A_EPITHELIAL,EMT_A_HYBRID,EMT_A_MESENCHYMAL,EMT_C_EPITHELIAL,EMT_C_HYBRID,EMT_C_MESENCHYMAL,EMT_SCORE_B,EMT_SCORE_A,EMT_SCORE_C
DR 32,0.081,-0.0388,-0.0693,0.0881,-0.0001,-0.0649,0.0655,-0.0137,-0.05,-0.0985,-0.0966,-0.0758
DR 3,0.1013,0.0432,-0.0337,0.0889,-0.0218,-0.0858,0.0822,0.0044,0.0121,-0.0985,-0.1209,-0.054
DR 62,0.1675,0.0829,-0.0094,0.1647,0.0189,-0.0472,0.1289,0.0353,0.063,-0.1298,-0.1513,-0.0535
DR 23,0.0374,-0.0066,0.0058,0.0229,-0.0214,0.025,0.0392,-0.0189,0.0127,-0.0265,-0.0013,-0.0225
DR 25,-0.0072,-0.0258,-0.0594,-0.0045,-0.0667,-0.0732,-0.0077,-0.0482,-0.0676,-0.0353,-0.0446,-0.0419
DR 10,-0.0892,-0.0266,-0.0605,-0.0761,-0.0027,-0.0244,-0.0782,-0.0498,-0.0374,0.0247,0.0385,0.0319
DR 38,0.0612,0.0142,-0.0854,0.0684,-0.0079,-0.1161,0.0487,0.0319,-0.1088,-0.0981,-0.1186,-0.1078
DR 64,-0.1894,-0.0607,0.0096,-0.1703,0.0302,0.0439,-0.1767,-0.0304,0.0039,0.142,0.1492,0.1292
DR 60,-0.0208,0.0062,-0.0247,-0.0163,0.0391,-0.002,0.0011,0.031,-0.0192,0.0055,0.0143,-0.0077
DR 56,-0.0085,-0.0213,0.0425,-0.0138,0.035,0.1114,0.0005,0.0029,0.0168,0.0338,0.0778,0.0109
DR 48,-0.0366,-0.0303,-0.0183,-0.0549,-0.0556,-0.0008,-0.0162,-0.0441,-0.0085,0.0127,0.0369,0.0053
DR 20,-0.1399,0.0429,0.0778,-0.1243,0.0615,0.0875,-0.1398,0.0367,0.0681,0.1487,0.1402,0.1425
DR 21,-0.1613,-0.0286,0.0163,-0.1374,0.0383,0.0474,-0.1518,-0.0298,-0.0089,0.1247,0.1252,0.1017
DR 45,-0.3756,0.0127,0.0669,-0.3971,-0.0339,0.0635,-0.2966,-0.0399,0.0548,0.3076,0.3126,0.2476
DR 51,-0.1385,-0.0075,-0.0197,-0.126,-0.0086,-0.0105,-0.1171,-0.017,-0.0297,0.0864,0.0827,0.0658
DR 6,0.0414,-0.0343,-0.0644,0.0296,-0.0251,-0.0595,0.0261,-0.0207,-0.0468,-0.0718,-0.0558,-0.0484
DR 63,-0.129,-0.0371,0.0064,-0.1101,-0.0102,0.0578,-0.1098,-0.0394,-0.0261,0.0976,0.1138,0.062
DR 5,0.1352,-0.0368,-0.1247,0.1165,-0.0629,-0.1568,0.1208,-0.0854,-0.1095,-0.1827,-0.1855,-0.1652
DR 29,-0.0209,0.1557,0.1511,-0.0165,0.1538,0.1662,-0.0235,0.139,0.1445,0.1124,0.1122,0.1117
DR 14,-0.1415,0.0045,-0.0242,-0.1122,-0.0467,-0.0319,-0.1278,-0.0502,-0.0579,0.0872,0.0602,0.0557
DR 2,-0.165,0.0009,0.1886,-0.1623,0.0354,0.2525,-0.1315,0.0816,0.1419,0.2487,0.2806,0.196
DR 4,-0.0087,0.0482,0.0724,0.0109,0.0151,0.1041,-0.0375,0.0278,0.0622,0.0528,0.0527,0.0689
DR 40,0.1272,0.0516,0.0187,0.1131,0.0034,-0.019,0.1151,0.0361,0.0445,-0.0778,-0.0917,-0.0517
DR 11,0.127,-0.0096,-0.0065,0.0988,0.0203,-0.0002,0.1268,0.0178,0.0365,-0.0983,-0.071,-0.0701
DR 57,0.1365,0.0543,0.0227,0.1251,0.0162,-0.0112,0.1228,0.0438,0.0598,-0.087,-0.0961,-0.0515
DR 27,-0.0359,-0.019,-0.013,-0.0466,-0.0347,0.0038,-0.0259,-0.028,-0.0238,0.0135,0.0324,-0.0007
DR 42,0.0916,0.0057,-0.0042,0.0965,0.0518,0.0074,0.0744,0.0326,0.0179,-0.0703,-0.0656,-0.0444
DR 41,-0.1124,-0.0337,0.017,-0.0952,-0.0284,0.0261,-0.1028,-0.0517,-0.0301,0.0904,0.0821,0.0525
DR 24,-0.0815,-0.0486,-0.1377,-0.029,-0.0615,-0.1851,-0.095,-0.0744,-0.142,-0.034,-0.0956,-0.0287
DR 36,0.016,0.0448,0.0138,0.0121,0.0161,0.0291,0.0163,0.0247,0.0172,-0.006,0.0074,-0.0029
DR 44,0.0487,-0.0466,-0.0306,0.0288,0.0139,-0.0142,0.0584,-0.0089,-0.002,-0.0532,-0.025,-0.042
DR 26,0.04,0.0561,0.0572,0.0261,0.0966,0.041,0.0363,0.0788,0.102,0.011,0.0107,0.0445
DR 49,0.1713,-0.0391,-0.0877,0.1478,-0.025,-0.0769,0.1682,0.0079,-0.0826,-0.1771,-0.1476,-0.174
DR 47,-0.019,0.008,0.0016,-0.0279,0.0153,0.0133,-0.0155,-0.0013,0.0007,0.0172,0.031,0.0144
DR 54,0.1607,0.0652,-0.0089,0.1387,0.0215,-0.077,0.1224,0.0353,0.0575,-0.1248,-0.1508,-0.0526
DR 31,0.0969,0.0039,-0.0194,0.0572,-0.0189,-0.0553,0.1213,0.03,-0.017,-0.0821,-0.0725,-0.0991
DR 37,0.0289,0.018,0.1256,0.0284,0.0047,0.1521,0.0348,0.0742,0.0845,0.0627,0.077,0.032
DR 43,0.0381,-0.0237,0.0011,0.0477,-0.0319,-0.01,0.0179,-0.0391,0.0083,-0.0277,-0.0411,-0.0089
DR 8,-0.2026,0.0208,0.025,-0.1674,0.0235,0.0088,-0.2108,-0.037,0.0389,0.1606,0.1219,0.1766
DR 22,-0.0173,-0.0144,0.0509,-0.0019,-0.0404,0.0686,-0.0515,-0.0215,0.0442,0.0419,0.0382,0.0639
DR 46,-0.0827,0.0598,0.0231,-0.067,0.0531,0.0073,-0.0781,-0.0057,0.0175,0.0715,0.0463,0.0662
DR 17,0.1274,-0.0784,-0.1211,0.1327,-0.0556,-0.11,0.1263,-0.0419,-0.1321,-0.1644,-0.1564,-0.1746
DR 19,0.1724,-0.001,-0.0221,0.1463,0.0008,-0.0151,0.1254,-0.0168,0.0322,-0.1394,-0.1132,-0.0689
DR 52,-0.1177,-0.0687,-0.0037,-0.1168,-0.0374,0.0392,-0.1049,-0.0435,-0.0353,0.0817,0.1087,0.0525
DR 28,0.0975,0.0602,-0.0745,0.0714,0.0341,-0.1342,0.067,0.0489,0.008,-0.1191,-0.1365,-0.0413
DR 12,-0.175,-0.015,0.1155,-0.1548,0.0366,0.1627,-0.1516,0.0537,0.0745,0.2052,0.2162,0.1633
DR 30,0.0752,0.0119,0.0027,0.0628,0.028,-0.0087,0.0575,-0.0103,0.0131,-0.052,-0.0477,-0.0331
DR 16,-0.1978,-0.0769,-0.0839,-0.1736,-0.0196,-0.062,-0.1785,-0.0926,-0.1055,0.0864,0.0839,0.0577
DR 13,-0.0244,-0.0205,-0.0336,-0.0375,-0.033,-0.0546,-0.0299,-0.0076,-0.0414,-0.0099,-0.0107,-0.0128
DR 18,0.1258,0.0349,-0.0496,0.115,-0.0243,-0.0978,0.0965,0.0009,-0.017,-0.1244,-0.1451,-0.0824
DR 61,0.078,-0.0803,-0.0252,0.0565,-0.0323,0.0074,0.0777,-0.0202,-0.0373,-0.0726,-0.0319,-0.0818
DR 33,-0.0163,-0.0037,-0.0032,-0.0138,-0.027,-0.0189,-0.0175,-0.0167,-0.0137,0.0103,0.0004,0.004
DR 55,-0.1254,0.0293,0.0063,-0.1215,0.0238,0.0248,-0.1046,0.0328,0.0102,0.0958,0.1019,0.085
DR 59,0.0959,-0.0181,-0.0104,0.0891,0.0065,-0.0224,0.1065,0.058,-0.0415,-0.0675,-0.0684,-0.0986
DR 53,0.215,-0.0087,-0.0874,0.1998,-0.0456,-0.1504,0.1659,-0.0286,-0.0356,-0.2132,-0.2385,-0.1449
DR 50,0.0596,-0.0366,-0.0241,0.0506,-0.0648,-0.0122,0.0464,-0.0323,-0.0115,-0.0588,-0.0461,-0.0425
DR 1,-0.1208,0.032,0.0904,-0.1026,-0.0066,0.1128,-0.0889,-0.0041,0.0567,0.1436,0.1375,0.1006
DR 9,-0.1063,-0.0599,0.0247,-0.0995,-0.0484,0.0538,-0.0728,-0.0444,-0.0484,0.0935,0.1049,0.0218
DR 34,-0.013,0.061,0.0094,0.0017,0.0101,-0.0156,-0.0067,0.0222,-0.0213,0.0133,-0.0141,-0.0118
DR 15,0.1468,0.0158,-0.0256,0.1427,-0.0138,-0.0783,0.1384,0.0158,-0.0066,-0.1244,-0.1501,-0.1072
DR 58,0.0134,-0.0936,-0.0811,0.0405,0.0149,-0.0172,-0.0042,-0.0463,-0.0793,-0.0634,-0.0408,-0.0521
DR 35,-0.0021,0.0728,0.0827,-0.004,0.0395,0.0474,0.0073,0.0608,0.0882,0.0584,0.0343,0.0583
DR 7,-0.0347,-0.0463,-0.0997,-0.0275,-0.1385,-0.0995,-0.0094,-0.0646,-0.1455,-0.0434,-0.043,-0.0934
DR 39,0.1337,0.0194,0.0142,0.1226,0.0105,-0.0251,0.09,0.0325,0.0268,-0.0869,-0.1034,-0.047
